,HAR,LogHAR,LevHAR,SHAR,HARQ,HAR-X,RR,LA,EN,P-LA,A-LA,BG,RF,GB
AAPL,1.0,0.9653832349091787,1.0214681846884885,0.9962071866781118,1.0007313171611465,1.0442413527485548,1.0050816450981632,0.9332637220388634,0.9501896189253531,0.9094916943334702,1.7410413933626996,1.1921990995723897,1.065293944251626,1.0249640270267089
AMZN,1.0,0.9827288726798986,1.0804340139154223,1.0311740131902918,0.990263193092719,1.0171395377408992,0.9783915939151331,0.9182871582395572,0.9804974422544096,0.8580762840218896,1.3889024511897323,0.9915128839304687,0.8962885691368936,0.9590895360951749
JPM,1.0,0.926737883688279,1.0026093389507356,1.2167015586753427,1.1245047801624906,1.089185827695966,1.0700284338866388,0.9570819414848838,0.963657792921536,0.975425303344775,1.9626271335112107,0.8796149447797067,0.8779716500111326,0.9204150362790336
